BID ASSUMPTIONS,,,,,,,,,,,,,,Notes,,
CATEGORY,AES Estimate,AES $/W, PRE Base Bid - 725 MWDC Design , PRE $/W , PRE Optimized - 550 MWDC Design , PRE2 $/W ,MasTec Base Bid - 744 MWDC Design,MT $/W,Blattner Base Bid - 744 MWDC Design,BLT $/W,Mortenson Base Bid - 744 MWDC Design,MAM $/W,,,,
Pricing - Firm or Indicative?,Indicative,,Firm,,Firm,,Firm - HV Indicative,,Firm - HV Indicative,,Indicative,,,,,
Bidder,AES 30% Internal Estimate,,Primoris Renewable Energy,,Primoris Renewable Energy,,Wanzek Construction,,Blattner Energy,,Mortenson Construction,,,,,
Project Name,Felix,,Crescent,,Crescent,,Felix,,Felix Solar,,Felix Solar,,,,,
Bid Date,4/18/2025,,7/28/2025,,8/8/2025,,3/5/2025,,3/5/2025,,3/5/2025,,,,,
State,Texas,,Texas,,Texas,,Texas,,Texas,,Texas,,,,,
MWAC (Total),600,,583.8,,447,,673.2,,600,,599.9075032,,,,,
MWAC (PV),600,,583.8,,447,,600,,600,,673.2,,,,,
MWDC (PV),744.623145,,725.7438,,550.10556,,744.63,,744.69,,744.62976,,,,,
PV Design Basis,30% 3/26/24 Rev,,30% 4/17/25 Rev,,Primoris Optimized Layout,,30% 3/26/24 Rev,,30% 3/26/24 Rev,,30% 3/26/24 Rev,,,"Note that PRE priced a rev of the design with different racking, inverters, and modules than the other bidders.  Most importantly, they assumed HailPro racking and a 60 degree stow angle in their pricing, which is a more expensive product and requires more robust foundation design.",,
HV Design Basis,30% 1/31/25 Rev,,30% 1/31/25 Rev,,5/16/25 2 GSU Redesign,,10% 2/2/24 Rev,,10% 2/2/24 Rev,,10% 2/2/24 Rev,,,"Note that PRE priced an HV general arrangement with a larger pad area (additional 2 acres) and additional bus structure than the other bidders.  MAM, BLT, and MT priced this earlier PV substation design on an indicative basis.",,
Bid COD Assumption,,,12/31/2027,,12/31/2027,,8/1/2028,,8/1/2028,,8/1/2028,,,"PRE bid a significantly more compressed schedule, solving for end of year 2027 COD.",,
"Work Schedule (Hours per day, days per week)",6/10,,"10 hours, 5 days - PV 
10 hours, 6 days - HV",,"10 hours, 5 days - PV 
10 hours, 6 days - HV",,5-10's,,Not specified,,Not specified,,,,,
"Assumed Labor Rate - Open Shop, Prevailing Wage, Union, etc.  Please include apprenticeship assumption.","Non-Union 1: Standard, apprenticeship included.",,Prevailing Wage,,Prevailing Wage,,Prevailing Wage,,Prevailing Wage,,Prevailing Wage,,,,,
Sales Tax Exemption Assumptions,<Estimator to provide>,,,,0,,,,,,8.75%,,,,,
Module Type,Jinko/Other,,Longi LR5-78HBD-545M,,Longi LR5-78HBD-545M,,Jinko JKM560N-72HL4BDV,,Jinko JKM560N-72HL4BDV,,Jinko JKM560N-72HL4BDV,,,,,
Inverter Type,SMA 4400,,SMA 4400,,SMA 4400,,SG4400UD-MV-US,,SG4400UD-MV-US,,SG4400UD-MV-US,,,,,
Racking Type,1P,,NexTracker - Horizon 60 HailPro ,,NexTracker - Horizon 60 HailPro ,,Nextracker NX Horizon,,Nextracker NX Horizon,,Nextracker NX Horizon,,,,,
Pile Size,<Estimator to provide.,,W6x12 up to W6x25,,W6x12 up to W6x25,,"W6x15, W6x20",,Not specified,,Not specified,,,,,
Galvanized (Y/N and mil thickness),No,,Black Steel,,Black Steel,,"Y, 5mil",,Yes,,Not specified,,,,,
Pre-drill (%),40%,,90%,,93%,,25%,,66%,,"Proposal assumes 100% pre-drilling in Alamosa East, no pre-drilling included for Crescent and Alamosa West as Geotech Report did not show any 
refusals in these areas.",,,"PRE is assuming significantly more predrill and refusal remediation (90%, 73%) in their pricing than the other bidders, with Blattner following (66%, 4%).",,
Pre-drill $/Pile, $151.21 ,, $72.70 ,, $78.12 ,, $150.00 ,,Not specified,,Not specified,,,,,
Pile Refusal % assumed,10%,,73%,,73%,,25%,,4%,,Not specified,,,,,
Racking Spares,0.50%,,Construction Spares Only,,Construction Spares Only,,Excluded,,Not specified,,Not specified,,,,,
"IRS Domestic Content US Structural Iron and Steel Assumed? (Y/N) (100% required for, Piles, Helicals, and Rebar within PV facility)",No,,Y. 100% Domestic Content for Piles,,Y. 100% Domestic Content for Piles,,Yes,,Yes,,Yes,,,,,
"IRS Domestic Content assumed or Single Axis Tracker Components? - specify for Torque Tubes, fasteners, slew drive, motor, dampers, controller, rails. ",No,,19.3 pts + 9.4 pts (prod bonus),,19.3 pts + 9.4 pts (prod bonus),,Yes,,Yes,,Yes,,,,,
CATEGORY,AES Estimate,AES $/W, PRE Base Bid - 725 MWDC Design , PRE $/W , PRE Optimized - 550 MWDC Design , PRE2 $/W ,MasTec Base Bid - 744 MWDC Design,MT $/W,Blattner Base Bid - 744 MWDC Design,BLT $/W,Mortenson Base Bid - 744 MWDC Design,MAM $/W,PRE $/W Delta with Estimate,Notes,,
Procurement," $168,108,892.16 ", $0.2258 ," $109,436,086.99 ", $0.1508 ," $77,287,442.13 ", $0.1405 ," $128,997,168.00 ", $0.1732 ," $110,374,000.00 ", $0.1482 ," $114,557,336.30 ", $0.1538 , $0.0750 ,,,
PV Modules - Procurement Only ,, $-   , $-   , $-   , $-   , $-   , $-   , $-   , $-   , $-   , $-   , $-   , $-   ,,,
Power Conversion System - Procurement Only,, $-   , $-   , $-   , $-   , $-   , $-   , $-   , $-   , $-   , $-   , $-   , $-   ,,,
BESS DC/AC Inverter Power Conversion System (Includes Containers), $-   , $-   , $-   , $-   , $-   , $-   , $-   , $-   , $-   , $-   , $-   , $-   , $-   ,,,
PV+BESS DC-Coupled DC/DC & DC/AC inverter Power Conversion System - Procurement Only (Includes Optimizers and Containers), $-   , $-   , $-   , $-   , $-   , $-   , $-   , $-   , $-   , $-   , $-   , $-   , $-   ,,,
Solar Plant Racking System - Procurement Only," $104,854,890.99 ", $0.1408 ," $75,307,004.91 ", $0.1038 ," $53,957,508.9300 ", $0.0981 ," $76,937,860.00 ", $0.1033 ," $81,596,000.00 ", $0.1096 ," $78,029,317.00 ", $0.1048 , $0.0371 ,Confirm domestic content and risk category assumptions. Confirmed windspeed 105mph and 11.4 points dom con on Redonda. Likely same here,,
PV Pile Supply ," $63,254,001.17 ", $0.0849 ," $34,129,082.08 ", $0.0470 ," $23,329,933.2000 ", $0.0424 ," $52,059,308.00 ", $0.0699 ," $28,778,000.00 ", $0.0386 ," $36,528,019.30 ", $0.0491 , $0.0379 ,,,
Battery Energy Storage System - Procurement Only, $-   , $-   , $-   , $-   , $-   , $-   , $-   , $-   , $-   , $-   , $-   , $-   , $-   ,,,
GSU - Procurement Only, $-   , $-   , $-   , $-   , $-   , $-   , $-   , $-   , $-   , $-   , $-   , $-   , $-   ,,,
Pad Mounted MV Transformer - Procurement Only, $-   , $-   , $-   , $-   , $-   , $-   , $-   , $-   , $-   , $-   , $-   , $-   , $-   ,,,
30% Design Package, $-   , $-   ," $1,043,030.80 ", $0.0014 ," $1,013,179.93 ", $0.0018 , $-   , $-   , $-   , $-   , $-   , $-   , $(0.0014),"PRE's pricing includes supplemental geotech, which the other bidders did not include.",,
"30% Civil Design (Roads, Drainage, Hydraulic Infrastructure, Buildings Etc.)", $-   , $-   , $-   , $-   , $-   , $-   , $-   , $-   , $-   , $-   , $-   , $-   , $-   ,,,
"30% Electrical Design (Includes Load Flow, Ampacity Study, Losses Study, etc.)", $-   , $-   , $-   , $-   , $-   , $-   , $-   , $-   , $-   , $-   , $-   , $-   , $-   ,,,
"30% Structural Design (Foundations, Piles, Steel Structures)", $-   , $-   , $-   , $-   , $-   , $-   , $-   , $-   , $-   , $-   , $-   , $-   , $-   ,,,
"30% HV Design (Substation, Gen-tie, Applicable studies)", $-   , $-   , $-   , $-   , $-   , $-   , $-   , $-   , $-   , $-   , $-   , $-   , $-   ,,,
Supplemental Geotech (Includes Pile Load Testing), $-   , $-   ," $1,043,030.80 ", $0.0014 ," $1,013,179.9300 ", $0.0018 , $-   , $-   , $-   , $-   , $-   , $-   , $(0.0014),,,
Additional Supplemental Studies for 30% Design, $-   , $-   , $-   , $-   , $-   , $-   , $-   , $-   , $-   , $-   , $-   , $-   , $-   ,,,
Contractor General Conditions and Overhead for 30% Design, $-   , $-   , $-   , $-   , $-   , $-   , $-   , $-   , $-   , $-   , $-   , $-   , $-   ,,,
Detailed Design & Construction Engineering - 30% to IFC," $7,567,419.80 ", $0.0102 ," $3,368,486.73 ", $0.0046 ," $2,915,081.22 ", $0.0053 ," $2,600,000.00 ", $0.0035 ," $5,428,000.00 ", $0.0073 ," $2,622,455.43 ", $0.0035 , $0.0055 ,,,
"Civil Design For Construction (Roads, Drainage, Hydraulic Infrastructure, Buildings Etc.)"," $2,012,611.65 ", $0.0027 ," $3,368,486.73 ", $0.0046 ," $2,915,081.2200 ", $0.0053 ," $700,000.00 ", $0.0009 ," $1,835,000.00 ", $0.0025 ," $1,247,948.53 ", $0.0017 , $(0.0019),,,
Electrical Design for Construction," $2,656,647.38 ", $0.0036 , $-   , $-   , $-   , $-   ," $1,600,000.00 ", $0.0021 ," $1,353,000.00 ", $0.0018 ," $835,077.78 ", $0.0011 , $0.0036 ,,,
"Structural Design For Construction (Foundations, Piles, Steel Structures)"," $2,898,160.77 ", $0.0039 , $-   , $-   , $-   , $-   ," $300,000.00 ", $0.0004 ," $2,240,000.00 ", $0.0030 ," $539,429.12 ", $0.0007 , $0.0039 ,,,
Contractor General," $116,514,873.27 ", $0.1565 ," $62,660,915.60 ", $0.0863 ," $49,920,568.62 ", $0.0907 ," $39,564,766.00 ", $0.0531 ," $43,823,055.84 ", $0.0588 ," $133,515,593.35 ", $0.1793 , $0.0701 ,,,
Contractor Mobilization," $3,176,934.65 ", $0.0043 ," $2,573,544.97 ", $0.0035 ," $2,280,180.1700 ", $0.0041 ," $4,200,000.00 ", $0.0056 ," $2,221,000.00 ", $0.0030 ," $61,356,954.81 ", $0.0824 , $0.0007 ,,,
Contractor General Conditions and Requirements," $74,000,669.71 ", $0.0994 ," $46,968,492.86 ", $0.0647 ," $37,698,990.0100 ", $0.0685 ," $24,617,000.00 ", $0.0331 ," $30,623,000.00 ", $0.0411 ," $72,095,878.04 ", $0.0968 , $0.0347 ,,,
Contractor Permitting," $7,002,092.03 ", $0.0094 ," $25,541.70 ", $0.0000 ," $25,423.3300 ", $0.0000 ," $150,000.00 ", $0.0002 ," $50,000.00 ", $0.0001 ," $10,892.32 ", $0.0000 , $0.0094 ,,,
Contractor Taxes," $20,667,862.98 ", $0.0278 ," $7,419,500.02 ", $0.0102 ," $5,241,588.2990 ", $0.0095 ," $10,597,766.00 ", $0.0142 ," $8,163,505.84 ", $0.0110 , $-   , $-   , $0.0175 ,,,
Contractor Bonding & Insurance," $11,667,313.90 ", $0.0157 ," $5,673,836.05 ", $0.0078 ," $4,674,386.8100 ", $0.0085 , $-   , $-   ," $2,765,550.00 ", $0.0037 ," $51,868.19 ", $0.0001 , $0.0079 ,,,
Civil Works," $79,631,191.58 ", $0.1069 ," $74,358,864.11 ", $0.1025 ," $56,881,755.77 ", $0.1034 ," $51,917,174.00 ", $0.0697 ," $58,978,000.00 ", $0.0792 ," $115,105,933.96 ", $0.1546 , $0.0045 ,,,
Site Clearing," $9,523,977.18 ", $0.0128 ," $13,744,094.82 ", $0.0189 ," $8,879,968.9210 ", $0.0161 ," $6,200,000.00 ", $0.0083 ," $7,235,000.00 ", $0.0097 ," $21,208,032.31 ", $0.0285 , $(0.0061),,,
Laydown Areas," $3,958,134.71 ", $0.0053 ," $4,520,902.60 ", $0.0062 ," $2,063,789.2100 ", $0.0038 ," $3,196,000.00 ", $0.0043 ," $4,670,000.00 ", $0.0063 ," $3,228,773.77 ", $0.0043 , $(0.0009),,,
Survey & Construction Staking," $1,450,839.83 ", $0.0019 ," $1,549,850.87 ", $0.0021 ," $1,128,282.7400 ", $0.0021 ," $911,280.00 ", $0.0012 , $-   , $-   ," $2,310,429.65 ", $0.0031 , $(0.0002),,,
Site Grading," $13,114,135.35 ", $0.0176 ," $9,273,044.12 ", $0.0128 ," $9,011,602.4400 ", $0.0164 ," $9,408,060.00 ", $0.0126 ," $8,054,000.00 ", $0.0108 ," $3,135,984.70 ", $0.0042 , $0.0048 ,,,
Water Development & Dust Control," $8,151,514.24 ", $0.0109 ," $3,166,327.41 ", $0.0044 ," $2,353,505.0900 ", $0.0043 ," $800,000.00 ", $0.0011 ," $2,866,000.00 ", $0.0038 ," $15,451,573.81 ", $0.0208 , $0.0066 ,,,
Erosion Control Measures - SWPPP/BMP/Basins & Traps," $5,939,694.62 ", $0.0080 ," $6,595,723.14 ", $0.0091 ," $5,261,390.1400 ", $0.0096 ," $6,206,291.00 ", $0.0083 ," $7,416,000.00 ", $0.0100 ," $18,429,513.03 ", $0.0247 , $(0.0011),,,
On-site Access Roads," $14,342,096.92 ", $0.0193 ," $15,220,894.44 ", $0.0210 ," $13,590,798.8500 ", $0.0247 ," $15,495,599.00 ", $0.0208 ," $14,141,000.00 ", $0.0190 ," $34,397,808.07 ", $0.0462 , $(0.0017),,,
Off-site Roads (Public and Private), $-   , $-   ," $4,334,105.38 ", $0.0060 ," $4,313,990.3400 ", $0.0078 , $-   , $-   ," $936,000.00 ", $0.0013 , $-   , $-   , $(0.0060),,,
Seeding & Reclamation," $12,800,838.57 ", $0.0172 ," $7,096,112.44 ", $0.0098 ," $4,539,748.3530 ", $0.0083 ," $3,413,000.00 ", $0.0046 ," $3,437,000.00 ", $0.0046 ," $6,521,335.03 ", $0.0088 , $0.0074 ,,,
Fencing and Gates," $8,973,807.03 ", $0.0121 ," $7,117,362.06 ", $0.0098 ," $4,048,680.0900 ", $0.0074 ," $5,286,944.00 ", $0.0071 ," $7,271,000.00 ", $0.0098 ," $9,195,553.14 ", $0.0123 , $0.0022 ,,,
Landscaping and Vegetative Buffers, $-   , $-   , $-   , $-   , $-   , $-   , $-   , $-   , $-   , $-   , $-   , $-   , $-   ,,,
Demolition - If Applicable, $-   , $-   ," $117,809.03 ", $0.0002 ," $117,263.0200 ", $0.0002 , $-   , $-   ," $485,000.00 ", $0.0007 ," $351,386.21 ", $0.0005 , $(0.0002),,,
O&M/Accessory Buildings," $1,376,153.12 ", $0.0018 ," $1,622,637.80 ", $0.0022 ," $1,572,736.5800 ", $0.0029 ," $1,000,000.00 ", $0.0013 ," $2,467,000.00 ", $0.0033 ," $875,544.25 ", $0.0012 , $(0.0004),,,
Foundations and Civil Structural Works, $-   , $-   , $-   , $-   , $-   , $-   , $-   , $-   , $-   , $-   , $-   , $-   , $-   ,,,
BESS Mechanical, $-   , $-   , $-   , $-   , $-   , $-   , $-   , $-   , $-   , $-   , $-   , $-   , $-   ,,,
BESS Equipment Offload & Set (Cubes &/or Containers), $-   , $-   , $-   , $-   , $-   , $-   , $-   , $-   , $-   , $-   , $-   , $-   , $-   ,,,
BESS Field Mechanical Installation, $-   , $-   , $-   , $-   , $-   , $-   , $-   , $-   , $-   , $-   , $-   , $-   , $-   ,,,
BESS HVAC / Fire Suppression System Install, $-   , $-   , $-   , $-   , $-   , $-   , $-   , $-   , $-   , $-   , $-   , $-   , $-   ,,,
Solar PV Field Mechanical," $49,677,902.83 ", $0.0667 ," $53,626,366.43 ", $0.0739 ," $39,240,050.66 ", $0.0713 ," $83,239,428.00 ", $0.1118 ," $78,330,000.00 ", $0.1052 ," $88,358,728.93 ", $0.1187 , $(0.0072),,,
PV Pile Installation," $24,504,600.92 ", $0.0329 ," $24,119,439.50 ", $0.0332 ," $17,532,565.5600 ", $0.0319 ," $25,244,596.00 ", $0.0339 ," $32,125,000.00 ", $0.0431 ," $30,997,194.47 ", $0.0416 , $(0.0003),,,
PV Racking Installation," $11,614,623.70 ", $0.0156 ," $16,712,858.13 ", $0.0230 ," $11,964,641.4200 ", $0.0217 ," $35,390,000.00 ", $0.0475 ," $25,212,000.00 ", $0.0339 ," $31,043,956.02 ", $0.0417 , $(0.0074),,,
PV Module Installation," $13,558,678.21 ", $0.0182 ," $12,794,068.80 ", $0.0176 ," $9,742,843.6800 ", $0.0177 ," $22,604,832.00 ", $0.0304 ," $20,993,000.00 ", $0.0282 ," $26,317,578.44 ", $0.0353 , $0.0006 ,,,
DC Electrical Systems," $62,852,159.62 ", $0.0844 ," $66,823,796.72 ", $0.0921 ," $46,667,168.42 ", $0.0848 ," $69,002,945.00 ", $0.0927 ," $66,885,000.00 ", $0.0898 ," $81,480,344.70 ", $0.1094 , $(0.0077),,,
Furnish & Install PV String Wiring," $2,550,076.94 ", $0.0034 ," $21,434,106.45 ", $0.0295 ," $16,067,139.4500 ", $0.0292 , $-   , $-   ," $18,086,000.00 ", $0.0243 ," $6,389,963.15 ", $0.0086 , $(0.0261),,,
Furnish & Install PV Wire Harnessing & Combiner Box Disconnects," $24,047,433.31 ", $0.0323 ," $22,311,783.50 ", $0.0307 ," $17,340,902.9600 ", $0.0315 ," $37,702,260.00 ", $0.0506 ," $14,574,000.00 ", $0.0196 ," $25,565,107.18 ", $0.0343 , $0.0016 ,,,
Wire Management - CAB & Cable Tray," $5,077,671.86 ", $0.0068 ," $3,551,022.79 ", $0.0049 ," $2,050,449.9300 ", $0.0037 ," $3,561,921.00 ", $0.0048 ," $3,784,000.00 ", $0.0051 ," $3,856,886.07 ", $0.0052 , $0.0019 ,,,
UG/AG - DC Homerun Cabling & Termination between Combiner Box Disconnects & Inverter," $31,176,977.51 ", $0.0419 ," $19,526,883.98 ", $0.0269 ," $11,208,676.0800 ", $0.0204 ," $27,738,764.00 ", $0.0373 ," $30,441,000.00 ", $0.0409 ," $45,668,388.30 ", $0.0613 , $0.0150 ,,,
Install Battery System (BESS Module to Racking and DC & DC Converter Installation) , $-   , $-   , $-   , $-   , $-   , $-   , $-   , $-   , $-   , $-   , $-   , $-   , $-   ,,,
BESS - DC Cabling & Conduit, $-   , $-   , $-   , $-   , $-   , $-   , $-   , $-   , $-   , $-   , $-   , $-   , $-   ,,,
AC Electrical Systems," $48,854,879.65 ", $0.0656 ," $68,095,553.78 ", $0.0938 ," $52,758,157.49 ", $0.0959 ," $60,267,616.00 ", $0.0809 ," $54,826,000.00 ", $0.0736 ," $66,265,093.02 ", $0.0890 , $(0.0282),,,
Installation of Inverter & MV Transformer (Procurement Inv/PCS On Line #)," $5,673,412.12 ", $0.0076 ," $4,179,884.22 ", $0.0058 ," $3,173,456.9800 ", $0.0058 ," $5,355,000.00 ", $0.0072 ," $6,292,000.00 ", $0.0084 ," $8,442,921.39 ", $0.0113 , $0.0019 ,,,
Furnish and Install MV DG POI, $-   , $-   , $-   , $-   , $-   , $-   , $-   , $-   , $-   , $-   , $-   , $-   , $-   ,,,
"Furnish & Install Under Ground MV Cable and Terminations (Trenches, Duct Bank, Direct Buried, Vaults etc.)"," $22,481,467.53 ", $0.0302 ," $33,115,064.63 ", $0.0456 ," $23,114,708.2700 ", $0.0420 ," $26,234,175.00 ", $0.0352 ," $22,059,000.00 ", $0.0296 ," $28,591,290.49 ", $0.0384 , $(0.0154),,,
"Furnish & Install Above Ground MV Structures, Cable and Terminations"," $20,700,000.00 ", $0.0278 ," $30,800,604.93 ", $0.0424 ," $26,469,992.2400 ", $0.0481 ," $27,311,925.00 ", $0.0367 ," $26,475,000.00 ", $0.0356 ," $29,230,881.14 ", $0.0393 , $(0.0146),,,
Furnish & Install LV Cable and Equipment, $-   , $-   , $-   , $-   , $-   , $-   ," $1,366,516.00 ", $0.0018 , $-   , $-   , $-   , $-   , $-   ,,,
Plant Controls and Communications," $7,070,150.95 ", $0.0095 ," $5,021,118.19 ", $0.0069 ," $4,162,253.40 ", $0.0076 ," $2,988,623.00 ", $0.0040 ," $7,120,000.00 ", $0.0096 ," $7,083,147.35 ", $0.0095 , $0.0026 ,,,
SCADA/DAS," $7,070,150.95 ", $0.0095 ," $5,021,118.19 ", $0.0069 ," $4,162,253.4000 ", $0.0076 ," $2,988,623.00 ", $0.0040 ," $7,120,000.00 ", $0.0096 ," $7,083,147.35 ", $0.0095 , $0.0026 ,,,
Contractor Testing & Commissioning," $6,262,671.37 ", $0.0084 ," $4,329,836.38 ", $0.0060 ," $3,131,160.34 ", $0.0057 ," $5,164,000.00 ", $0.0069 ," $7,411,000.00 ", $0.0100 ," $4,580,915.00 ", $0.0062 , $0.0024 ,,,
Contractor Testing & Commissioning," $6,262,671.37 ", $0.0084 ," $4,329,836.38 ", $0.0060 ," $3,131,160.3400 ", $0.0057 ," $5,164,000.00 ", $0.0069 ," $7,411,000.00 ", $0.0100 ," $4,580,915.00 ", $0.0062 , $0.0024 ,,,
Substation - Engineering," $1,084,767.72 ", $0.0015 ," $1,491,856.72 ", $0.0021 ," $887,623.00 ", $0.0016 ," $1,330,452.98 ", $0.0018 ," $1,313,000.00 ", $0.0018 ," $1,185,011.70 ", $0.0016 , $(0.0006),,,
Substation - Engineering - Engineering Design / Studies," $1,084,767.72 ", $0.0015 ," $1,491,856.72 ", $0.0021 ," $887,623.0000 ", $0.0016 ," $1,330,452.98 ", $0.0018 ," $1,313,000.00 ", $0.0018 ," $1,185,011.70 ", $0.0016 , $(0.0006),,,
Substation - Engineering - SWPPP - Plans / Permits / Design, $-   , $-   , $-   , $-   , $-   , $-   , $-   , $-   , $-   , $-   , $-   , $-   , $-   ,,,
Substation - Engineering - NERC - Compliance Studies, $-   , $-   , $-   , $-   , $-   , $-   , $-   , $-   , $-   , $-   , $-   , $-   , $-   ,,,
Substation - General," $3,657,980.71 ", $0.0049 ," $1,413,625.98 ", $0.0019 ," $1,249,173.00 ", $0.0023 ," $36,937.48 ", $0.0000 ," $970,649.00 ", $0.0013 ," $2,672,385.46 ", $0.0036 , $0.0030 ,,,
Substation - General - Construction Power - Commissioning Generator (Substation / Switchyard Generator Not Available to Utilize), $-   , $-   , $-   , $-   , $-   , $-   , $-   , $-   , $-   , $-   , $-   , $-   , $-   ,,,
Substation - General - Mobilization, $-   , $-   ," $1,413,625.98 ", $-   ," $1,249,173.0000 ", $0.0023 ," $36,937.48 ", $0.0000 ," $542,584.00 ", $0.0007 ," $475,788.37 ", $0.0006 , $-   ,,,
Substation - General - General Conditions / Project Management," $3,261,605.59 ", $0.0044 , $-   , $-   , $-   , $-   , $-   , $-   ," $310,400.00 ", $0.0004 ," $2,096,491.60 ", $0.0028 , $0.0044 ,,,
Substation - General - Weekly Meetings with AES, $-   , $-   , $-   , $-   , $-   , $-   , $-   , $-   , $-   , $-   , $-   , $-   , $-   ,,,
Substation - General - Construction Water (Furnish / Apply)," $37,396.92 ", $0.0001 , $-   , $-   , $-   , $-   , $-   , $-   , $-   , $-   , $-   , $-   , $0.0001 ,,,
Substation - General - Construction Permits / Contractor Permitting," $89,114.00 ", $0.0001 , $-   , $-   , $-   , $-   , $-   , $-   , $-   , $-   , $-   , $-   , $0.0001 ,,,
Substation - General - Bonding / Insurance," $235,267.00 ", $0.0003 , $-   , $-   , $-   , $-   , $-   , $-   , $-   , $-   , $-   , $-   , $0.0003 ,,,
Substation - General - Construction Security," $34,597.20 ", $0.0000 , $-   , $-   , $-   , $-   , $-   , $-   , $-   , $-   , $-   , $-   , $0.0000 ,,,
Substation - General - Taxes (All Scopes), $-   , $-   , $-   , $-   , $-   , $-   , $-   , $-   ," $117,665.00 ", $0.0002 ," $100,105.49 ", $0.0001 , $-   ,,,
Substation - Civil," $3,254,380.70 ", $0.0044 ," $3,704,184.40 ", $0.0051 ," $1,823,613.00 ", $0.0033 ," $2,733,587.62 ", $0.0037 ," $2,637,900.00 ", $0.0035 ," $3,370,550.72 ", $0.0045 , $(0.0007),,,
Substation - Civil - Clearing / Grubbing," $3,254,380.70 ", $0.0044 , $-   , $-   , $-   , $-   ," $176,648.16 ", $0.0002 , $-   , $-   , $-   , $-   , $0.0044 ,,,
Substation - Civil - Topsoil Remove & Stage / Initial Pad Grading / Exterior Access Road to Substation, $-   , $-   , $-   , $-   , $-   , $-   ," $176,648.16 ", $0.0002 , $-   , $-   , $-   , $-   , $-   ,,,
Substation - Civil - Final Grading / Internal Access Roads / Civil Inspections / Surveying & Staking, $-   , $-   , $-   , $-   , $-   , $-   ," $176,648.16 ", $0.0002 , $-   , $-   ," $118,120.29 ", $0.0002 , $-   ,,,
Substation - Civil - Rock Surfacing / Herbicide Applications, $-   , $-   , $-   , $-   , $-   , $-   ," $430,715.24 ", $0.0006 ," $687,200.00 ", $0.0009 ," $395,176.86 ", $0.0005 , $-   ,,,
Substation - Civil - SWPPP Installation - Establish & Maintain - Temporary & Permanent, $-   , $-   , $-   , $-   , $-   , $-   ," $176,648.16 ", $0.0002 , $-   , $-   , $-   , $-   , $-   ,,,
Substation - Civil - Fit & Finish - Topsoil Spreading / Seeding, $-   , $-   , $-   , $-   , $-   , $-   ," $176,648.16 ", $0.0002 , $-   , $-   ," $1,186,350.58 ", $0.0016 , $-   ,,,
Substation - Civil - Security Fencing, $-   , $-   , $-   , $-   , $-   , $-   ," $97,161.10 ", $0.0001 ," $100,800.00 ", $0.0001 ," $152,391.70 ", $0.0002 , $-   ,,,
Substation - Civil - Foundations, $-   , $-   ," $3,704,184.40 ", $0.0051 ," $1,823,613.0000 ", $0.0033 ," $1,322,470.47 ", $0.0018 ," $1,849,900.00 ", $0.0025 ," $1,518,511.29 ", $0.0020 , $(0.0051),,,
Substation - Electrical," $14,358,282.06 ", $0.0193 ," $14,290,257.68 ", $0.0197 ," $10,255,740.00 ", $0.0186 ," $10,954,924.42 ", $0.0147 ," $10,924,300.00 ", $0.0147 ," $8,386,441.34 ", $0.0113 , $(0.0004),,,
Substation - Electrical - Grounding," $838,934.61 ", $0.0011 ," $518,707.32 ", $0.0007 ," $377,566.0000 ", $0.0007 ," $580,324.26 ", $0.0008 ," $518,600.00 ", $0.0007 ," $401,664.17 ", $0.0005 , $0.0004 ,,,
Substation - Electrical - Conduit & Cable Trench," $1,152,414.60 ", $0.0015 ," $997,746.38 ", $0.0014 ," $649,130.0000 ", $0.0012 ," $827,946.38 ", $0.0011 ," $869,100.00 ", $0.0012 ," $685,341.65 ", $0.0009 , $0.0002 ,,,
Substation - Electrical - Control Cable," $559,717.58 ", $0.0008 ," $1,326,935.53 ", $0.0018 ," $963,978.0000 ", $0.0018 ," $662,123.84 ", $0.0009 ," $682,400.00 ", $0.0009 ," $848,499.54 ", $0.0011 , $(0.0011),,,
Substation - Electrical - Structural Steel," $3,427,817.59 ", $0.0046 ," $2,312,676.01 ", $0.0032 ," $1,555,654.0000 ", $0.0028 ," $622,868.68 ", $0.0008 ," $1,313,000.00 ", $0.0018 ," $1,227,912.02 ", $0.0016 , $0.0014 ,,,
Substation - Electrical - Insulators / Bus," $2,010,106.46 ", $0.0027 ," $1,284,900.32 ", $0.0018 ," $553,958.0000 ", $0.0010 ," $517,157.65 ", $0.0007 ," $480,400.00 ", $0.0006 ," $967,055.19 ", $0.0013 , $0.0009 ,,,
Substation - Electrical - Station Lighting / Static Line / Fence & Equipment Signage," $109,321.19 ", $0.0001 ," $438,131.34 ", $0.0006 ," $251,897.0000 ", $0.0005 ," $16,961.38 ", $0.0000 ," $202,200.00 ", $0.0003 ," $154,865.33 ", $0.0002 , $(0.0005),,,
Substation - Electrical - Slack Span - Substation DE to T-line / Switchyard, $-   , $-   , $-   , $-   , $-   , $-   , $-   , $-   , $-   , $-   , $-   , $-   , $-   ,,,
Substation - Electrical - HV & MV Switches," $1,007,160.37 ", $0.0014 ," $1,254,463.11 ", $0.0017 ," $631,058.0000 ", $0.0011 ," $540,691.28 ", $0.0007 ," $618,600.00 ", $0.0008 , $-   , $-   , $(0.0004),,,
Substation - Electrical - HV & MV Arresters," $116,569.42 ", $0.0002 ," $63,773.29 ", $0.0001 ," $44,214.0000 ", $0.0001 ," $42,407.33 ", $0.0001 ," $79,200.00 ", $0.0001 , $-   , $-   , $0.0001 ,,,
Substation - Electrical - HV & MV Meters," $315,751.27 ", $0.0004 ," $686,148.36 ", $0.0009 ," $316,382.0000 ", $0.0006 ," $255,671.98 ", $0.0003 ," $143,200.00 ", $0.0002 , $-   , $-   , $(0.0005),,,
Substation - Electrical - HV Circuit Breakers, $-   , $-   ," $12,768.60 ", $0.0000 ," $6,029.0000 ", $0.0000 ," $52,753.70 ", $0.0001 ," $53,400.00 ", $0.0001 ," $610,620.80 ", $0.0008 , $(0.0000),,,
Substation - Electrical - MV Circuit Breakers," $1,407,322.99 ", $0.0019 ," $1,118,299.82 ", $0.0015 ," $908,802.0000 ", $0.0017 ," $1,148,362.98 ", $0.0015 ," $1,054,300.00 ", $0.0014 , $-   , $-   , $0.0003 ,,,
Substation - Electrical - Main Power Transformer - Furnish / Deliver / Set / Transport Test / Dress / Fill, $-   , $-   ," $93,915.20 ", $0.0001 ," $59,128.0000 ", $0.0001 , $-   , $-   , $-   , $-   , $-   , $-   , $(0.0001),,,
Substation - Electrical - Main Power Transformer - Term / Ground," $16,756.02 ", $0.0000 , $-   , $-   , $-   , $-   ," $9,891.32 ", $0.0000 ," $60,900.00 ", $0.0001 ," $14,818.02 ", $0.0000 , $0.0000 ,,,
Substation - Electrical - MPT Neutral Grounding Reactor," $68,528.74 ", $0.0001 ," $162,591.90 ", $0.0002 ," $104,477.0000 ", $0.0002 , $-   , $-   ," $52,300.00 ", $0.0001 ," $1,495,728.35 ", $0.0020 , $(0.0001),,,
Substation - Electrical - Capacitive / Reactive Compensation - Cap Banks / Reactor Banks," $1,831,548.28 ", $0.0025 ," $1,063,229.80 ", $0.0015 ," $1,221,303.0000 ", $0.0022 ," $3,506,313.17 ", $0.0047 ," $2,293,300.00 ", $0.0031 ," $1,979,936.27 ", $0.0027 , $0.0010 ,,,
Substation - Electrical - Station Service Transformer - LS Bus Tied," $107,389.91 ", $0.0001 ," $95,135.98 ", $0.0001 ," $50,935.0000 ", $0.0001 ," $14,625.67 ", $0.0000 ," $32,900.00 ", $0.0000 , $-   , $-   , $0.0000 ,,,
Substation - Electrical - Auxiliary Power - Propane Generator / Propane Tank With Fill / Warranty Install / ATS Switch," $184,291.49 ", $0.0002 ," $232,470.25 ", $0.0003 ," $222,665.0000 ", $0.0004 , $-   , $-   , $-   , $-   , $-   , $-   , $(0.0001),,,
Substation - Electrical - Auxiliary Power - Local Distribution Tap - If Applicable, $-   , $-   , $-   , $-   , $-   , $-   , $-   , $-   ," $21,500.00 ", $0.0000 , $-   , $-   , $-   ,,,
Substation - Electrical - GIS Building - With / Without Control Enclosure - If Applicable, $-   , $-   , $-   , $-   , $-   , $-   , $-   , $-   , $-   , $-   , $-   , $-   , $-   ,,,
Substation - Electrical - Control Enclosure Shell - AC/DC Panels / HVAC / 125VDC Battery / Chargers / Fiber / Etc.," $1,204,651.54 ", $0.0016 ," $2,628,364.47 ", $0.0036 ," $2,338,564.0000 ", $0.0043 ," $2,156,824.81 ", $0.0029 ," $2,449,000.00 ", $0.0033 , $-   , $-   , $(0.0020),,,
Substation - Control / Communication / Commissioning," $2,393,407.74 ", $0.0032 ," $1,967,636.14 ", $0.0027 ," $1,015,256.00 ", $0.0018 ," $491,139.72 ", $0.0007 ," $471,500.00 ", $0.0006 ," $2,371,518.65 ", $0.0032 , $0.0005 ,,,
Substation - Controls - Protection System - Panels / Relays / Control Wiring / Etc.," $1,079,352.80 ", $0.0014 , $-   , $-   , $-   , $-   , $-   , $-   , $-   , $-   ," $2,051,057.73 ", $0.0028 , $0.0014 ,,,
Substation - Controls - SCADA - Owner Controls (System TBD)," $500,000.00 ", $0.0007 , $-   , $-   , $-   , $-   , $-   , $-   , $-   , $-   , $-   , $-   , $0.0007 ,,,
Substation - Controls - Security System - Hardware / Software (AVTEC)," $215,000.00 ", $0.0003 , $-   , $-   , $-   , $-   , $-   , $-   , $-   , $-   , $-   , $-   , $0.0003 ,,,
Substation - Controls - Remote End Communications / Integrations, $-   , $-   , $-   , $-   , $-   , $-   , $-   , $-   , $-   , $-   ," $9,587.94 ", $0.0000 , $-   ,,,
Substation - Controls - Testing & Commissioning," $599,054.94 ", $0.0008 ," $1,967,636.14 ", $0.0027 ," $1,015,256.0000 ", $0.0018 ," $491,139.72 ", $0.0007 ," $471,500.00 ", $0.0006 ," $310,872.98 ", $0.0004 , $(0.0019),,,
Transmission - Engineering, $-   , $-   , $-   , $-   , $-   , $-   , $-   , $-   , $-   , $-   , $-   , $-   , $-   ,,,
Transmission - Engineering - Engineering Design / Studies, $-   , $-   , $-   , $-   , $-   , $-   , $-   , $-   , $-   , $-   , $-   , $-   , $-   ,,,
Transmission - Engineering - SWPPP - Plans / Permits / Design, $-   , $-   , $-   , $-   , $-   , $-   , $-   , $-   , $-   , $-   , $-   , $-   , $-   ,,,
Transmission - General, $-   , $-   , $-   , $-   , $-   , $-   , $-   , $-   , $-   , $-   , $-   , $-   , $-   ,,,
Transmission General - Mobilization, $-   , $-   , $-   , $-   , $-   , $-   , $-   , $-   , $-   , $-   , $-   , $-   , $-   ,,,
Transmission General - Survey & Staking, $-   , $-   , $-   , $-   , $-   , $-   , $-   , $-   , $-   , $-   , $-   , $-   , $-   ,,,
Transmission General - ROW Clearing / Access (Matting in unit 3.3.1), $-   , $-   , $-   , $-   , $-   , $-   , $-   , $-   , $-   , $-   , $-   , $-   , $-   ,,,
Transmission General - General Conditions / Project Management, $-   , $-   , $-   , $-   , $-   , $-   , $-   , $-   , $-   , $-   , $-   , $-   , $-   ,,,
Transmission General - Weekly Meetings with AES, $-   , $-   , $-   , $-   , $-   , $-   , $-   , $-   , $-   , $-   , $-   , $-   , $-   ,,,
Transmission General - Construction Water (Furnish / Apply), $-   , $-   , $-   , $-   , $-   , $-   , $-   , $-   , $-   , $-   , $-   , $-   , $-   ,,,
Transmission General - SWPPP Installation - Establish & Maintain - Temporary & Permanent, $-   , $-   , $-   , $-   , $-   , $-   , $-   , $-   , $-   , $-   , $-   , $-   , $-   ,,,
Transmission General - Construction Permits / Contractor Permitting, $-   , $-   , $-   , $-   , $-   , $-   , $-   , $-   , $-   , $-   , $-   , $-   , $-   ,,,
Transmission General - Bonding / Insurance, $-   , $-   , $-   , $-   , $-   , $-   , $-   , $-   , $-   , $-   , $-   , $-   , $-   ,,,
Transmission General - Construction Security, $-   , $-   , $-   , $-   , $-   , $-   , $-   , $-   , $-   , $-   , $-   , $-   , $-   ,,,
Transmission General - Taxes (All Scopes), $-   , $-   , $-   , $-   , $-   , $-   , $-   , $-   , $-   , $-   , $-   , $-   , $-   ,,,
Transmission - Underground, $-   , $-   , $-   , $-   , $-   , $-   , $-   , $-   , $-   , $-   , $-   , $-   , $-   ,,,
Transmission - UG - Existing Utility Locates, $-   , $-   , $-   , $-   , $-   , $-   , $-   , $-   , $-   , $-   , $-   , $-   , $-   ,,,
Transmission - UG - Concrete / Asphalt / Topsoil - Remove / Manage / Replace, $-   , $-   , $-   , $-   , $-   , $-   , $-   , $-   , $-   , $-   , $-   , $-   , $-   ,,,
Transmission - UG - Duct Bank - All Inclusive - If Applicable, $-   , $-   , $-   , $-   , $-   , $-   , $-   , $-   , $-   , $-   , $-   , $-   , $-   ,,,
Transmission - UG - Install Cable - Pull / Lay, $-   , $-   , $-   , $-   , $-   , $-   , $-   , $-   , $-   , $-   , $-   , $-   , $-   ,,,
Transmission - UG - Cable Trench Direct Bury - Open / Backfill - Native Backfill, $-   , $-   , $-   , $-   , $-   , $-   , $-   , $-   , $-   , $-   , $-   , $-   , $-   ,,,
Transmission - UG - Compaction Testing, $-   , $-   , $-   , $-   , $-   , $-   , $-   , $-   , $-   , $-   , $-   , $-   , $-   ,,,
Transmission - UG - Screening - If Applicable, $-   , $-   , $-   , $-   , $-   , $-   , $-   , $-   , $-   , $-   , $-   , $-   , $-   ,,,
Transmission - UG - Engineered Backfill - If Applicable, $-   , $-   , $-   , $-   , $-   , $-   , $-   , $-   , $-   , $-   , $-   , $-   , $-   ,,,
Transmission - UG - Haul Off Native Material - If Applicable, $-   , $-   , $-   , $-   , $-   , $-   , $-   , $-   , $-   , $-   , $-   , $-   , $-   ,,,
Transmission - UG - HDD Bore, $-   , $-   , $-   , $-   , $-   , $-   , $-   , $-   , $-   , $-   , $-   , $-   , $-   ,,,
Transmission - UG - Jack-N-Bore - If Applicable, $-   , $-   , $-   , $-   , $-   , $-   , $-   , $-   , $-   , $-   , $-   , $-   , $-   ,,,
Transmission - UG - Junction Box / Splice Vaults, $-   , $-   , $-   , $-   , $-   , $-   , $-   , $-   , $-   , $-   , $-   , $-   , $-   ,,,
Transmission - UG - Conductor Splices, $-   , $-   , $-   , $-   , $-   , $-   , $-   , $-   , $-   , $-   , $-   , $-   , $-   ,,,
Transmission - UG - Fiber Optics - Cable / Splice / Handholes, $-   , $-   , $-   , $-   , $-   , $-   , $-   , $-   , $-   , $-   , $-   , $-   , $-   ,,,
Transmission - UG - Route Markers - GPS Locators / Signs, $-   , $-   , $-   , $-   , $-   , $-   , $-   , $-   , $-   , $-   , $-   , $-   , $-   ,,,
Transmission - UG - Conductor - Material Only, $-   , $-   , $-   , $-   , $-   , $-   , $-   , $-   , $-   , $-   , $-   , $-   , $-   ,,,
Transmission - UG - Ground / GCC / Misc. Cable - Material Only, $-   , $-   , $-   , $-   , $-   , $-   , $-   , $-   , $-   , $-   , $-   , $-   , $-   ,,,
Transmission - UG - Riser Structure / Switches - All Inclusive - If Applicable, $-   , $-   , $-   , $-   , $-   , $-   , $-   , $-   , $-   , $-   , $-   , $-   , $-   ,,,
Transmission - UG - UG Transmission Specific - Cable Testing & Commissioning, $-   , $-   , $-   , $-   , $-   , $-   , $-   , $-   , $-   , $-   , $-   , $-   , $-   ,,,
Transmission - UG - Traffic Control - Underground Transmission, $-   , $-   , $-   , $-   , $-   , $-   , $-   , $-   , $-   , $-   , $-   , $-   , $-   ,,,
Transmission - Overhead, $-   , $-   , $-   , $-   , $-   , $-   , $-   , $-   , $-   , $-   , $-   , $-   , $-   ,,,
Transmission - OH - Access - Matting Requirements, $-   , $-   , $-   , $-   , $-   , $-   , $-   , $-   , $-   , $-   , $-   , $-   , $-   ,,,
Transmission - OH - Foundations - Direct Burry / Caisson, $-   , $-   , $-   , $-   , $-   , $-   , $-   , $-   , $-   , $-   , $-   , $-   , $-   ,,,
Transmission - OH - Structures / Grounding, $-   , $-   , $-   , $-   , $-   , $-   , $-   , $-   , $-   , $-   , $-   , $-   , $-   ,,,
Transmission - OH - Guying - If Applicable, $-   , $-   , $-   , $-   , $-   , $-   , $-   , $-   , $-   , $-   , $-   , $-   , $-   ,,,
Transmission - OH - Hardware / Equipment / Insulator, $-   , $-   , $-   , $-   , $-   , $-   , $-   , $-   , $-   , $-   , $-   , $-   , $-   ,,,
Transmission - OH - Switches - If Applicable, $-   , $-   , $-   , $-   , $-   , $-   , $-   , $-   , $-   , $-   , $-   , $-   , $-   ,,,
Transmission - OH - Conductor / Fiber / OPGW, $-   , $-   , $-   , $-   , $-   , $-   , $-   , $-   , $-   , $-   , $-   , $-   , $-   ,,,
Transmission - OH - OH Transmission Specific - Cable Testing & Commissioning, $-   , $-   , $-   , $-   , $-   , $-   , $-   , $-   , $-   , $-   , $-   , $-   , $-   ,,,
Transmission - OH - Traffic Control - Overhead Transmission, $-   , $-   , $-   , $-   , $-   , $-   , $-   , $-   , $-   , $-   , $-   , $-   , $-   ,,,
"Bidder Added Lines, If Applicable", $-   , $-   , $-   , $-   , $-   , $-   , $-   , $-   , $-   , $-   , $-   , $-   , $-   ,,,
HV Total," $24,748,818.92 ", $0.0332 ," $22,867,560.92 ", $0.0315 ," $15,231,405.00 ", $0.0277 ," $15,547,042.22 ", $0.0209 ," $16,317,349.00 ", $0.0219 ," $17,985,907.87 ", $0.0242 , $0.0017 ,,,
Non-HV Total," $546,540,141.24 ", $0.7340 ," $448,764,055.73 ", $0.6184 ," $333,976,817.98 ", $0.6071 ," $443,741,720.00 ", $0.5959 ," $433,175,055.84 ", $0.5817 ," $613,569,548.05 ", $0.8240 , $0.1156 ,,,
TOTAL," $571,288,960.16 ", $0.7672 ," $471,631,616.65 ", $0.6499 ," $349,208,222.98 ", $0.6348 ," $459,288,762.22 ", $0.6168 ," $449,492,404.84 ", $0.6036 ," $631,555,455.92 ", $0.8481 , $0.1174 ,,,
,,,, $0.1174 ,,,,,,,,,,,,
,,," $2,180,000.0000 ", $0.0030 ," $122,423,393.67 ",,,,,,,,,,,
,,,, $0.65 ,, $(0.0181),,,,,,,,,,
,,,,,,,,,,,,,,,,
,,,,,,,,,,,,,,,,
,,,,,,,,,,,,,,,,
,,,,, $0.22 ,,,,,,,,,,,
,,,,,,,,,,,,,,,,
,,,,,,,,,,,,,,,,
,,, $0.0151 ,,,,,,,,,,,,,
,,,,,,,,,,,,,,,,
,,,,,,,,,,,,,,,,
,,,,,,,,,,,,,,,,
,,,,,,,,,,,,,,,,
,,,,,,,,,,,,,,,,
,,,,,,,,,,,,,,,,
,,,,,,,,,,,,,,,,
,,,,,,,,,,,,,,,,
